{
    "title": "UK bank holidays",
    "need_id": 100128,
    "description": "Find out when bank holidays are in England, Wales, Scotland and Northern Ireland - including past and future bank holidays",
    "body": "",
    "divisions": {
        "england-and-wales": {
            "title": "England and Wales",
            "2012": [
                {
                    "title": "New Year’s Day",
                    "date": "02/01/2012",
                    "notes": "Substitute day",
                    "bunting": true
                },
                {
                    "title": "Good Friday",
                    "date": "06/04/2012",
                    "notes": "",
                    "bunting": false
                },
                {
                    "title": "Easter Monday",
                    "date": "09/04/2012",
                    "notes": "",
                    "bunting": true
                },
                {
                    "title": "Early May bank holiday",
                    "date": "07/05/2012",
                    "notes": "",
                    "bunting": true
                },
                {
                    "title": "Spring bank holiday",
                    "date": "04/06/2012",
                    "notes": "Substitute day",
                    "bunting": true
                },
                {
                    "title": "Queen’s Diamond Jubilee",
                    "date": "05/06/2012",
                    "notes": "Extra bank holiday",
                    "bunting": true
                },
                {
                    "title": "Summer bank holiday",
                    "date": "27/08/2012",
                    "notes": "",
                    "bunting": true
                },
                {
                    "title": "Christmas Day",
                    "date": "25/12/2012",
                    "notes": "",
                    "bunting": true
                },
                {
                    "title": "Boxing Day",
                    "date": "26/12/2012",
                    "notes": "",
                    "bunting": true
                }
            ],
            "2013": [
                {
                    "title": "New Year’s Day",
                    "date": "01/01/2013",
                    "notes": "",
                    "bunting": true
                },
                {
                    "title": "Good Friday",
                    "date": "29/03/2013",
                    "notes": "",
                    "bunting": false
                },
                {
                    "title": "Easter Monday",
                    "date": "01/04/2013",
                    "notes": "",
                    "bunting": true
                },
                {
                    "title": "Early May bank holiday",
                    "date": "06/05/2013",
                    "notes": "",
                    "bunting": true
                },
                {
                    "title": "Spring bank holiday",
                    "date": "27/05/2013",
                    "notes": "",
                    "bunting": true
                },
                {
                    "title": "Summer bank holiday",
                    "date": "26/08/2013",
                    "notes": "",
                    "bunting": true
                },
                {
                    "title": "Christmas Day",
                    "date": "25/12/2013",
                    "notes": "",
                    "bunting": true
                },
                {
                    "title": "Boxing Day",
                    "date": "26/12/2013",
                    "notes": "",
                    "bunting": true
                }
            ],
            "2014": [
                {
                    "title": "New Year’s Day",
                    "date": "01/01/2014",
                    "notes": "",
                    "bunting": true
                },
                {
                    "title": "Good Friday",
                    "date": "18/04/2014",
                    "notes": "",
                    "bunting": false
                },
                {
                    "title": "Easter Monday",
                    "date": "21/04/2014",
                    "notes": "",
                    "bunting": true
                },
                {
                    "title": "Early May bank holiday",
                    "date": "05/05/2014",
                    "notes": "",
                    "bunting": true
                },
                {
                    "title": "Spring bank holiday",
                    "date": "26/05/2014",
                    "notes": "",
                    "bunting": true
                },
                {
                    "title": "Summer bank holiday",
                    "date": "25/08/2014",
                    "notes": "",
                    "bunting": true
                },
                {
                    "title": "Christmas Day",
                    "date": "25/12/2014",
                    "notes": "",
                    "bunting": true
                },
                {
                    "title": "Boxing Day",
                    "date": "26/12/2014",
                    "notes": "",
                    "bunting": true
                }
            ],
            "2015": [
                {
                    "title": "New Year’s Day",
                    "date": "01/01/2015",
                    "notes": "",
                    "bunting": true
                },
                {
                    "title": "Good Friday",
                    "date": "03/04/2015",
                    "notes": "",
                    "bunting": false
                },
                {
                    "title": "Easter Monday",
                    "date": "06/04/2015",
                    "notes": "",
                    "bunting": true
                },
                {
                    "title": "Early May bank holiday",
                    "date": "04/05/2015",
                    "notes": "",
                    "bunting": true
                },
                {
                    "title": "Spring bank holiday",
                    "date": "25/05/2015",
                    "notes": "",
                    "bunting": true
                },
                {
                    "title": "Summer bank holiday",
                    "date": "31/08/2015",
                    "notes": "",
                    "bunting": true
                },
                {
                    "title": "Christmas Day",
                    "date": "25/12/2015",
                    "notes": "",
                    "bunting": true
                },
                {
                    "title": "Boxing Day",
                    "date": "28/12/2015",
                    "notes": "Substitute day",
                    "bunting": true
                }
            ],
            "2016": [
                {
                    "title": "New Year’s Day",
                    "date": "01/01/2016",
                    "notes": "",
                    "bunting": true
                },
                {
                    "title": "Good Friday",
                    "date": "25/03/2016",
                    "notes": "",
                    "bunting": false
                },
                {
                    "title": "Easter Monday",
                    "date": "28/03/2016",
                    "notes": "",
                    "bunting": true
                },
                {
                    "title": "Early May bank holiday",
                    "date": "02/05/2016",
                    "notes": "",
                    "bunting": true
                },
                {
                    "title": "Spring bank holiday",
                    "date": "30/05/2016",
                    "notes": "",
                    "bunting": true
                },
                {
                    "title": "Summer bank holiday",
                    "date": "29/08/2016",
                    "notes": "",
                    "bunting": true
                },
                {
                    "title": "Boxing Day",
                    "date": "26/12/2016",
                    "notes": "",
                    "bunting": true
                },
                {
                    "title": "Christmas Day",
                    "date": "27/12/2016",
                    "notes": "Substitute day",
                    "bunting": true
                }
            ]
        },
        "scotland": {
            "2012": [
                {
                    "title": "2nd January",
                    "date": "02/01/2012",
                    "notes": "",
                    "bunting": true
                },
                {
                    "title": "New Year’s Day",
                    "date": "03/01/2012",
                    "notes": "Substitute day",
                    "bunting": true
                },
                {
                    "title": "Good Friday",
                    "date": "06/04/2012",
                    "notes": "",
                    "bunting": false
                },
                {
                    "title": "Early May bank holiday",
                    "date": "07/05/2012",
                    "notes": "",
                    "bunting": true
                },
                {
                    "title": "Spring bank holiday",
                    "date": "04/06/2012",
                    "notes": "Substitute day",
                    "bunting": true
                },
                {
                    "title": "Queen’s Diamond Jubilee",
                    "date": "05/06/2012",
                    "notes": "Extra bank holiday",
                    "bunting": true
                },
                {
                    "title": "Summer bank holiday",
                    "date": "06/08/2012",
                    "notes": "",
                    "bunting": true
                },
                {
                    "title": "St Andrew’s Day",
                    "date": "30/11/2012",
                    "notes": "",
                    "bunting": true
                },
                {
                    "title": "Christmas Day",
                    "date": "25/12/2012",
                    "notes": "",
                    "bunting": true
                },
                {
                    "title": "Boxing Day",
                    "date": "26/12/2012",
                    "notes": "",
                    "bunting": true
                }
            ],
            "2013": [
                {
                    "title": "New Year’s Day",
                    "date": "01/01/2013",
                    "notes": "",
                    "bunting": true
                },
                {
                    "title": "2nd January",
                    "date": "02/01/2013",
                    "notes": "",
                    "bunting": true
                },
                {
                    "title": "Good Friday",
                    "date": "29/03/2013",
                    "notes": "",
                    "bunting": false
                },
                {
                    "title": "Early May bank holiday",
                    "date": "06/05/2013",
                    "notes": "",
                    "bunting": true
                },
                {
                    "title": "Spring bank holiday",
                    "date": "27/05/2013",
                    "notes": "",
                    "bunting": true
                },
                {
                    "title": "Summer bank holiday",
                    "date": "05/08/2013",
                    "notes": "",
                    "bunting": true
                },
                {
                    "title": "St Andrew’s Day",
                    "date": "02/12/2013",
                    "notes": "Substitute day",
                    "bunting": true
                },
                {
                    "title": "Christmas Day",
                    "date": "25/12/2013",
                    "notes": "",
                    "bunting": true
                },
                {
                    "title": "Boxing Day",
                    "date": "26/12/2013",
                    "notes": "",
                    "bunting": true
                }
            ],
            "2014": [
                {
                    "title": "New Year’s Day",
                    "date": "01/01/2014",
                    "notes": "",
                    "bunting": true
                },
                {
                    "title": "2nd January",
                    "date": "02/01/2014",
                    "notes": "",
                    "bunting": true
                },
                {
                    "title": "Good Friday",
                    "date": "18/04/2014",
                    "notes": "",
                    "bunting": false
                },
                {
                    "title": "Early May bank holiday",
                    "date": "05/05/2014",
                    "notes": "",
                    "bunting": true
                },
                {
                    "title": "Spring bank holiday",
                    "date": "26/05/2014",
                    "notes": "",
                    "bunting": true
                },
                {
                    "title": "Summer bank holiday",
                    "date": "04/08/2014",
                    "notes": "",
                    "bunting": true
                },
                {
                    "title": "St Andrew’s Day",
                    "date": "01/12/2014",
                    "notes": "Substitute day",
                    "bunting": true
                },
                {
                    "title": "Christmas Day",
                    "date": "25/12/2014",
                    "notes": "",
                    "bunting": true
                },
                {
                    "title": "Boxing Day",
                    "date": "26/12/2014",
                    "notes": "",
                    "bunting": true
                }
            ],
            "2015": [
                {
                    "title": "New Year’s Day",
                    "date": "01/01/2015",
                    "notes": "",
                    "bunting": true
                },
                {
                    "title": "2nd January",
                    "date": "02/01/2015",
                    "notes": "",
                    "bunting": true
                },
                {
                    "title": "Good Friday",
                    "date": "03/04/2015",
                    "notes": "",
                    "bunting": false
                },
                {
                    "title": "Early May bank holiday",
                    "date": "04/05/2015",
                    "notes": "",
                    "bunting": true
                },
                {
                    "title": "Spring bank holiday",
                    "date": "25/05/2015",
                    "notes": "",
                    "bunting": true
                },
                {
                    "title": "Summer bank holiday",
                    "date": "03/08/2015",
                    "notes": "",
                    "bunting": true
                },
                {
                    "title": "St Andrew’s Day",
                    "date": "30/11/2015",
                    "notes": "",
                    "bunting": true
                },
                {
                    "title": "Christmas Day",
                    "date": "25/12/2015",
                    "notes": "",
                    "bunting": true
                },
                {
                    "title": "Boxing Day",
                    "date": "28/12/2015",
                    "notes": "Substitute day",
                    "bunting": true
                }
            ],
            "2016": [
                {
                    "title": "New Year’s Day",
                    "date": "01/01/2016",
                    "notes": "",
                    "bunting": true
                },
                {
                    "title": "2nd January",
                    "date": "04/01/2016",
                    "notes": "Substitute day",
                    "bunting": true
                },
                {
                    "title": "Good Friday",
                    "date": "25/03/2016",
                    "notes": "",
                    "bunting": false
                },
                {
                    "title": "Early May bank holiday",
                    "date": "02/05/2016",
                    "notes": "",
                    "bunting": true
                },
                {
                    "title": "Spring bank holiday",
                    "date": "30/05/2016",
                    "notes": "",
                    "bunting": true
                },
                {
                    "title": "Summer bank holiday",
                    "date": "01/08/2016",
                    "notes": "",
                    "bunting": true
                },
                {
                    "title": "St Andrew’s Day",
                    "date": "30/11/2016",
                    "notes": "",
                    "bunting": true
                },
                {
                    "title": "Boxing Day",
                    "date": "26/12/2016",
                    "notes": "",
                    "bunting": true
                },
                {
                    "title": "Christmas Day",
                    "date": "27/12/2016",
                    "notes": "Substitute day",
                    "bunting": true
                }
            ]
        },
        "northern-ireland": {
            "title": "Northern Ireland",
            "2012": [
                {
                    "title": "New Year’s Day",
                    "date": "02/01/2012",
                    "notes": "Substitute day",
                    "bunting": true
                },
                {
                    "title": "St Patrick’s Day",
                    "date": "19/03/2012",
                    "notes": "Substitute day",
                    "bunting": true
                },
                {
                    "title": "Good Friday",
                    "date": "06/04/2012",
                    "notes": "",
                    "bunting": false
                },
                {
                    "title": "Easter Monday",
                    "date": "09/04/2012",
                    "notes": "",
                    "bunting": true
                },
                {
                    "title": "Early May bank holiday",
                    "date": "07/05/2012",
                    "notes": "",
                    "bunting": true
                },
                {
                    "title": "Spring bank holiday",
                    "date": "04/06/2012",
                    "notes": "",
                    "bunting": true
                },
                {
                    "title": "Queen’s Diamond Jubilee",
                    "date": "05/06/2012",
                    "notes": "Extra bank holiday",
                    "bunting": true
                },
                {
                    "title": "Battle of the Boyne (Orangemen’s Day)",
                    "date": "12/07/2012",
                    "notes": "",
                    "bunting": false
                },
                {
                    "title": "Summer bank holiday",
                    "date": "27/08/2012",
                    "notes": "",
                    "bunting": true
                },
                {
                    "title": "Christmas Day",
                    "date": "25/12/2012",
                    "notes": "",
                    "bunting": true
                },
                {
                    "title": "Boxing Day",
                    "date": "26/12/2012",
                    "notes": "",
                    "bunting": true
                }
            ],
            "2013": [
                {
                    "title": "New Year’s Day",
                    "date": "01/01/2013",
                    "notes": "",
                    "bunting": true
                },
                {
                    "title": "St Patrick’s Day",
                    "date": "18/03/2013",
                    "notes": "Substitute day",
                    "bunting": true
                },
                {
                    "title": "Good Friday",
                    "date": "29/03/2013",
                    "notes": "",
                    "bunting": false
                },
                {
                    "title": "Easter Monday",
                    "date": "01/04/2013",
                    "notes": "",
                    "bunting": true
                },
                {
                    "title": "Early May bank holiday",
                    "date": "06/05/2013",
                    "notes": "",
                    "bunting": true
                },
                {
                    "title": "Spring bank holiday",
                    "date": "27/05/2013",
                    "notes": "",
                    "bunting": true
                },
                {
                    "title": "Battle of the Boyne (Orangemen’s Day)",
                    "date": "12/07/2013",
                    "notes": "",
                    "bunting": false
                },
                {
                    "title": "Summer bank holiday",
                    "date": "26/08/2013",
                    "notes": "",
                    "bunting": true
                },
                {
                    "title": "Christmas Day",
                    "date": "25/12/2013",
                    "notes": "",
                    "bunting": true
                },
                {
                    "title": "Boxing Day",
                    "date": "26/12/2013",
                    "notes": "",
                    "bunting": true
                }
            ],
            "2014": [
                {
                    "title": "New Year’s Day",
                    "date": "01/01/2014",
                    "notes": "",
                    "bunting": true
                },
                {
                    "title": "St Patrick’s Day",
                    "date": "17/03/2014",
                    "notes": "",
                    "bunting": true
                },
                {
                    "title": "Good Friday",
                    "date": "18/04/2014",
                    "notes": "",
                    "bunting": false
                },
                {
                    "title": "Easter Monday",
                    "date": "21/04/2014",
                    "notes": "",
                    "bunting": true
                },
                {
                    "title": "Early May bank holiday",
                    "date": "05/05/2014",
                    "notes": "",
                    "bunting": true
                },
                {
                    "title": "Spring bank holiday",
                    "date": "26/05/2014",
                    "notes": "",
                    "bunting": true
                },
                {
                    "title": "Battle of the Boyne (Orangemen’s Day)",
                    "date": "14/07/2014",
                    "notes": "Substitute day",
                    "bunting": false
                },
                {
                    "title": "Summer bank holiday",
                    "date": "25/08/2014",
                    "notes": "",
                    "bunting": true
                },
                {
                    "title": "Christmas Day",
                    "date": "25/12/2014",
                    "notes": "",
                    "bunting": true
                },
                {
                    "title": "Boxing Day",
                    "date": "26/12/2014",
                    "notes": "",
                    "bunting": true
                }
            ],
            "2015": [
                {
                    "title": "New Year’s Day",
                    "date": "01/01/2015",
                    "notes": "",
                    "bunting": true
                },
                {
                    "title": "St Patrick’s Day",
                    "date": "17/03/2015",
                    "notes": "",
                    "bunting": true
                },
                {
                    "title": "Good Friday",
                    "date": "03/04/2015",
                    "notes": "",
                    "bunting": false
                },
                {
                    "title": "Easter Monday",
                    "date": "06/04/2015",
                    "notes": "",
                    "bunting": true
                },
                {
                    "title": "Early May bank holiday",
                    "date": "04/05/2015",
                    "notes": "",
                    "bunting": true
                },
                {
                    "title": "Spring bank holiday",
                    "date": "25/05/2015",
                    "notes": "",
                    "bunting": true
                },
                {
                    "title": "Battle of the Boyne (Orangemen’s Day)",
                    "date": "13/07/2015",
                    "notes": "Substitute day",
                    "bunting": false
                },
                {
                    "title": "Summer bank holiday",
                    "date": "31/08/2015",
                    "notes": "",
                    "bunting": true
                },
                {
                    "title": "Christmas Day",
                    "date": "25/12/2015",
                    "notes": "",
                    "bunting": true
                },
                {
                    "title": "Boxing Day",
                    "date": "28/12/2015",
                    "notes": "Substitute day",
                    "bunting": true
                }
            ],
            "2016": [
                {
                    "title": "New Year’s Day",
                    "date": "01/01/2016",
                    "notes": "",
                    "bunting": true
                },
                {
                    "title": "St Patrick’s Day",
                    "date": "17/03/2016",
                    "notes": "",
                    "bunting": true
                },
                {
                    "title": "Good Friday",
                    "date": "25/03/2016",
                    "notes": "",
                    "bunting": false
                },
                {
                    "title": "Easter Monday",
                    "date": "28/03/2016",
                    "notes": "",
                    "bunting": true
                },
                {
                    "title": "Early May bank holiday",
                    "date": "02/05/2016",
                    "notes": "",
                    "bunting": true
                },
                {
                    "title": "Spring bank holiday",
                    "date": "30/05/2016",
                    "notes": "",
                    "bunting": true
                },
                {
                    "title": "Battle of the Boyne (Orangemen’s Day)",
                    "date": "12/07/2016",
                    "notes": "",
                    "bunting": false
                },
                {
                    "title": "Summer bank holiday",
                    "date": "29/08/2016",
                    "notes": "",
                    "bunting": true
                },
                {
                    "title": "Boxing Day",
                    "date": "26/12/2016",
                    "notes": "",
                    "bunting": true
                },
                {
                    "title": "Christmas Day",
                    "date": "27/12/2016",
                    "notes": "Substitute day",
                    "bunting": true
                }
            ]
        }
    }
}
