{
    "title": "bank_holidays.calendar.title",
    "need_id": 100128,
    "content_id": "58f79dbd-e57f-4ab2-ae96-96df5767d1b2",
    "description": "bank_holidays.calendar.description",
    "body": "",
    "divisions": {
        "england-and-wales": {
            "2012": [
                {
                    "title": "bank_holidays.new_year",
                    "date": "02/01/2012",
                    "notes": "common.substitute_day",
                    "bunting": true
                },
                {
                    "title": "bank_holidays.good_friday",
                    "date": "06/04/2012",
                    "notes": "",
                    "bunting": false
                },
                {
                    "title": "bank_holidays.easter_monday",
                    "date": "09/04/2012",
                    "notes": "",
                    "bunting": true
                },
                {
                    "title": "bank_holidays.early_may",
                    "date": "07/05/2012",
                    "notes": "",
                    "bunting": true
                },
                {
                    "title": "bank_holidays.spring",
                    "date": "04/06/2012",
                    "notes": "common.substitute_day",
                    "bunting": true
                },
                {
                    "title": "bank_holidays.queen_diamond",
                    "date": "05/06/2012",
                    "notes": "common.extra_bank_holiday",
                    "bunting": true
                },
                {
                    "title": "bank_holidays.summer",
                    "date": "27/08/2012",
                    "notes": "",
                    "bunting": true
                },
                {
                    "title": "bank_holidays.christmas",
                    "date": "25/12/2012",
                    "notes": "",
                    "bunting": true
                },
                {
                    "title": "bank_holidays.boxing_day",
                    "date": "26/12/2012",
                    "notes": "",
                    "bunting": true
                }
            ],
            "2013": [
                {
                    "title": "bank_holidays.new_year",
                    "date": "01/01/2013",
                    "notes": "",
                    "bunting": true
                },
                {
                    "title": "bank_holidays.good_friday",
                    "date": "29/03/2013",
                    "notes": "",
                    "bunting": false
                },
                {
                    "title": "bank_holidays.easter_monday",
                    "date": "01/04/2013",
                    "notes": "",
                    "bunting": true
                },
                {
                    "title": "bank_holidays.early_may",
                    "date": "06/05/2013",
                    "notes": "",
                    "bunting": true
                },
                {
                    "title": "bank_holidays.spring",
                    "date": "27/05/2013",
                    "notes": "",
                    "bunting": true
                },
                {
                    "title": "bank_holidays.summer",
                    "date": "26/08/2013",
                    "notes": "",
                    "bunting": true
                },
                {
                    "title": "bank_holidays.christmas",
                    "date": "25/12/2013",
                    "notes": "",
                    "bunting": true
                },
                {
                    "title": "bank_holidays.boxing_day",
                    "date": "26/12/2013",
                    "notes": "",
                    "bunting": true
                }
            ],
            "2014": [
                {
                    "title": "bank_holidays.new_year",
                    "date": "01/01/2014",
                    "notes": "",
                    "bunting": true
                },
                {
                    "title": "bank_holidays.good_friday",
                    "date": "18/04/2014",
                    "notes": "",
                    "bunting": false
                },
                {
                    "title": "bank_holidays.easter_monday",
                    "date": "21/04/2014",
                    "notes": "",
                    "bunting": true
                },
                {
                    "title": "bank_holidays.early_may",
                    "date": "05/05/2014",
                    "notes": "",
                    "bunting": true
                },
                {
                    "title": "bank_holidays.spring",
                    "date": "26/05/2014",
                    "notes": "",
                    "bunting": true
                },
                {
                    "title": "bank_holidays.summer",
                    "date": "25/08/2014",
                    "notes": "",
                    "bunting": true
                },
                {
                    "title": "bank_holidays.christmas",
                    "date": "25/12/2014",
                    "notes": "",
                    "bunting": true
                },
                {
                    "title": "bank_holidays.boxing_day",
                    "date": "26/12/2014",
                    "notes": "",
                    "bunting": true
                }
            ],
            "2015": [
                {
                    "title": "bank_holidays.new_year",
                    "date": "01/01/2015",
                    "notes": "",
                    "bunting": true
                },
                {
                    "title": "bank_holidays.good_friday",
                    "date": "03/04/2015",
                    "notes": "",
                    "bunting": false
                },
                {
                    "title": "bank_holidays.easter_monday",
                    "date": "06/04/2015",
                    "notes": "",
                    "bunting": true
                },
                {
                    "title": "bank_holidays.early_may",
                    "date": "04/05/2015",
                    "notes": "",
                    "bunting": true
                },
                {
                    "title": "bank_holidays.spring",
                    "date": "25/05/2015",
                    "notes": "",
                    "bunting": true
                },
                {
                    "title": "bank_holidays.summer",
                    "date": "31/08/2015",
                    "notes": "",
                    "bunting": true
                },
                {
                    "title": "bank_holidays.christmas",
                    "date": "25/12/2015",
                    "notes": "",
                    "bunting": true
                },
                {
                    "title": "bank_holidays.boxing_day",
                    "date": "28/12/2015",
                    "notes": "common.substitute_day",
                    "bunting": true
                }
            ],
            "2016": [
                {
                    "title": "bank_holidays.new_year",
                    "date": "01/01/2016",
                    "notes": "",
                    "bunting": true
                },
                {
                    "title": "bank_holidays.good_friday",
                    "date": "25/03/2016",
                    "notes": "",
                    "bunting": false
                },
                {
                    "title": "bank_holidays.easter_monday",
                    "date": "28/03/2016",
                    "notes": "",
                    "bunting": true
                },
                {
                    "title": "bank_holidays.early_may",
                    "date": "02/05/2016",
                    "notes": "",
                    "bunting": true
                },
                {
                    "title": "bank_holidays.spring",
                    "date": "30/05/2016",
                    "notes": "",
                    "bunting": true
                },
                {
                    "title": "bank_holidays.summer",
                    "date": "29/08/2016",
                    "notes": "",
                    "bunting": true
                },
                {
                    "title": "bank_holidays.christmas",
                    "date": "27/12/2016",
                    "notes": "common.substitute_day",
                    "bunting": true
                },
                {
                    "title": "bank_holidays.boxing_day",
                    "date": "26/12/2016",
                    "notes": "",
                    "bunting": true
                }
            ],
            "slug": "common.nations.england-and-wales_slug",
            "title": "common.nations.england-and-wales"
        },
        "scotland": {
            "2012": [
                {
                    "title": "bank_holidays.2nd_january",
                    "date": "02/01/2012",
                    "notes": "",
                    "bunting": true
                },
                {
                    "title": "bank_holidays.new_year",
                    "date": "03/01/2012",
                    "notes": "common.substitute_day",
                    "bunting": true
                },
                {
                    "title": "bank_holidays.good_friday",
                    "date": "06/04/2012",
                    "notes": "",
                    "bunting": false
                },
                {
                    "title": "bank_holidays.early_may",
                    "date": "07/05/2012",
                    "notes": "",
                    "bunting": true
                },
                {
                    "title": "bank_holidays.spring",
                    "date": "04/06/2012",
                    "notes": "common.substitute_day",
                    "bunting": true
                },
                {
                    "title": "bank_holidays.queen_diamond",
                    "date": "05/06/2012",
                    "notes": "common.extra_bank_holiday",
                    "bunting": true
                },
                {
                    "title": "bank_holidays.summer",
                    "date": "06/08/2012",
                    "notes": "",
                    "bunting": true
                },
                {
                    "title": "bank_holidays.st_andrew",
                    "date": "30/11/2012",
                    "notes": "",
                    "bunting": true
                },
                {
                    "title": "bank_holidays.christmas",
                    "date": "25/12/2012",
                    "notes": "",
                    "bunting": true
                },
                {
                    "title": "bank_holidays.boxing_day",
                    "date": "26/12/2012",
                    "notes": "",
                    "bunting": true
                }
            ],
            "2013": [
                {
                    "title": "bank_holidays.new_year",
                    "date": "01/01/2013",
                    "notes": "",
                    "bunting": true
                },
                {
                    "title": "bank_holidays.2nd_january",
                    "date": "02/01/2013",
                    "notes": "",
                    "bunting": true
                },
                {
                    "title": "bank_holidays.good_friday",
                    "date": "29/03/2013",
                    "notes": "",
                    "bunting": false
                },
                {
                    "title": "bank_holidays.early_may",
                    "date": "06/05/2013",
                    "notes": "",
                    "bunting": true
                },
                {
                    "title": "bank_holidays.spring",
                    "date": "27/05/2013",
                    "notes": "",
                    "bunting": true
                },
                {
                    "title": "bank_holidays.summer",
                    "date": "05/08/2013",
                    "notes": "",
                    "bunting": true
                },
                {
                    "title": "bank_holidays.st_andrew",
                    "date": "02/12/2013",
                    "notes": "common.substitute_day",
                    "bunting": true
                },
                {
                    "title": "bank_holidays.christmas",
                    "date": "25/12/2013",
                    "notes": "",
                    "bunting": true
                },
                {
                    "title": "bank_holidays.boxing_day",
                    "date": "26/12/2013",
                    "notes": "",
                    "bunting": true
                }
            ],
            "2014": [
                {
                    "title": "bank_holidays.new_year",
                    "date": "01/01/2014",
                    "notes": "",
                    "bunting": true
                },
                {
                    "title": "bank_holidays.2nd_january",
                    "date": "02/01/2014",
                    "notes": "",
                    "bunting": true
                },
                {
                    "title": "bank_holidays.good_friday",
                    "date": "18/04/2014",
                    "notes": "",
                    "bunting": false
                },
                {
                    "title": "bank_holidays.early_may",
                    "date": "05/05/2014",
                    "notes": "",
                    "bunting": true
                },
                {
                    "title": "bank_holidays.spring",
                    "date": "26/05/2014",
                    "notes": "",
                    "bunting": true
                },
                {
                    "title": "bank_holidays.summer",
                    "date": "04/08/2014",
                    "notes": "",
                    "bunting": true
                },
                {
                    "title": "bank_holidays.st_andrew",
                    "date": "01/12/2014",
                    "notes": "common.substitute_day",
                    "bunting": true
                },
                {
                    "title": "bank_holidays.christmas",
                    "date": "25/12/2014",
                    "notes": "",
                    "bunting": true
                },
                {
                    "title": "bank_holidays.boxing_day",
                    "date": "26/12/2014",
                    "notes": "",
                    "bunting": true
                }
            ],
            "2015": [
                {
                    "title": "bank_holidays.new_year",
                    "date": "01/01/2015",
                    "notes": "",
                    "bunting": true
                },
                {
                    "title": "bank_holidays.2nd_january",
                    "date": "02/01/2015",
                    "notes": "",
                    "bunting": true
                },
                {
                    "title": "bank_holidays.good_friday",
                    "date": "03/04/2015",
                    "notes": "",
                    "bunting": false
                },
                {
                    "title": "bank_holidays.early_may",
                    "date": "04/05/2015",
                    "notes": "",
                    "bunting": true
                },
                {
                    "title": "bank_holidays.spring",
                    "date": "25/05/2015",
                    "notes": "",
                    "bunting": true
                },
                {
                    "title": "bank_holidays.summer",
                    "date": "03/08/2015",
                    "notes": "",
                    "bunting": true
                },
                {
                    "title": "bank_holidays.st_andrew",
                    "date": "30/11/2015",
                    "notes": "",
                    "bunting": true
                },
                {
                    "title": "bank_holidays.christmas",
                    "date": "25/12/2015",
                    "notes": "",
                    "bunting": true
                },
                {
                    "title": "bank_holidays.boxing_day",
                    "date": "28/12/2015",
                    "notes": "common.substitute_day",
                    "bunting": true
                }
            ],
            "2016": [
                {
                    "title": "bank_holidays.new_year",
                    "date": "01/01/2016",
                    "notes": "",
                    "bunting": true
                },
                {
                    "title": "bank_holidays.2nd_january",
                    "date": "04/01/2016",
                    "notes": "common.substitute_day",
                    "bunting": true
                },
                {
                    "title": "bank_holidays.good_friday",
                    "date": "25/03/2016",
                    "notes": "",
                    "bunting": false
                },
                {
                    "title": "bank_holidays.early_may",
                    "date": "02/05/2016",
                    "notes": "",
                    "bunting": true
                },
                {
                    "title": "bank_holidays.spring",
                    "date": "30/05/2016",
                    "notes": "",
                    "bunting": true
                },
                {
                    "title": "bank_holidays.summer",
                    "date": "01/08/2016",
                    "notes": "",
                    "bunting": true
                },
                {
                    "title": "bank_holidays.st_andrew",
                    "date": "30/11/2016",
                    "notes": "",
                    "bunting": true
                },
                {
                    "title": "bank_holidays.christmas",
                    "date": "27/12/2016",
                    "notes": "common.substitute_day",
                    "bunting": true
                },
                {
                    "title": "bank_holidays.boxing_day",
                    "date": "26/12/2016",
                    "notes": "",
                    "bunting": true
                }
            ],
            "slug": "common.nations.scotland_slug",
            "title": "common.nations.scotland"
        },
        "northern-ireland": {
            "2012": [
                {
                    "title": "bank_holidays.new_year",
                    "date": "02/01/2012",
                    "notes": "common.substitute_day",
                    "bunting": true
                },
                {
                    "title": "bank_holidays.st_patrick",
                    "date": "19/03/2012",
                    "notes": "common.substitute_day",
                    "bunting": true
                },
                {
                    "title": "bank_holidays.good_friday",
                    "date": "06/04/2012",
                    "notes": "",
                    "bunting": false
                },
                {
                    "title": "bank_holidays.easter_monday",
                    "date": "09/04/2012",
                    "notes": "",
                    "bunting": true
                },
                {
                    "title": "bank_holidays.early_may",
                    "date": "07/05/2012",
                    "notes": "",
                    "bunting": true
                },
                {
                    "title": "bank_holidays.spring",
                    "date": "04/06/2012",
                    "notes": "",
                    "bunting": true
                },
                {
                    "title": "bank_holidays.queen_diamond",
                    "date": "05/06/2012",
                    "notes": "common.extra_bank_holiday",
                    "bunting": true
                },
                {
                    "title": "bank_holidays.battle_boyne",
                    "date": "12/07/2012",
                    "notes": "",
                    "bunting": false
                },
                {
                    "title": "bank_holidays.summer",
                    "date": "27/08/2012",
                    "notes": "",
                    "bunting": true
                },
                {
                    "title": "bank_holidays.christmas",
                    "date": "25/12/2012",
                    "notes": "",
                    "bunting": true
                },
                {
                    "title": "bank_holidays.boxing_day",
                    "date": "26/12/2012",
                    "notes": "",
                    "bunting": true
                }
            ],
            "2013": [
                {
                    "title": "bank_holidays.new_year",
                    "date": "01/01/2013",
                    "notes": "",
                    "bunting": true
                },
                {
                    "title": "bank_holidays.st_patrick",
                    "date": "18/03/2013",
                    "notes": "common.substitute_day",
                    "bunting": true
                },
                {
                    "title": "bank_holidays.good_friday",
                    "date": "29/03/2013",
                    "notes": "",
                    "bunting": false
                },
                {
                    "title": "bank_holidays.easter_monday",
                    "date": "01/04/2013",
                    "notes": "",
                    "bunting": true
                },
                {
                    "title": "bank_holidays.early_may",
                    "date": "06/05/2013",
                    "notes": "",
                    "bunting": true
                },
                {
                    "title": "bank_holidays.spring",
                    "date": "27/05/2013",
                    "notes": "",
                    "bunting": true
                },
                {
                    "title": "bank_holidays.battle_boyne",
                    "date": "12/07/2013",
                    "notes": "",
                    "bunting": false
                },
                {
                    "title": "bank_holidays.summer",
                    "date": "26/08/2013",
                    "notes": "",
                    "bunting": true
                },
                {
                    "title": "bank_holidays.christmas",
                    "date": "25/12/2013",
                    "notes": "",
                    "bunting": true
                },
                {
                    "title": "bank_holidays.boxing_day",
                    "date": "26/12/2013",
                    "notes": "",
                    "bunting": true
                }
            ],
            "2014": [
                {
                    "title": "bank_holidays.new_year",
                    "date": "01/01/2014",
                    "notes": "",
                    "bunting": true
                },
                {
                    "title": "bank_holidays.st_patrick",
                    "date": "17/03/2014",
                    "notes": "",
                    "bunting": true
                },
                {
                    "title": "bank_holidays.good_friday",
                    "date": "18/04/2014",
                    "notes": "",
                    "bunting": false
                },
                {
                    "title": "bank_holidays.easter_monday",
                    "date": "21/04/2014",
                    "notes": "",
                    "bunting": true
                },
                {
                    "title": "bank_holidays.early_may",
                    "date": "05/05/2014",
                    "notes": "",
                    "bunting": true
                },
                {
                    "title": "bank_holidays.spring",
                    "date": "26/05/2014",
                    "notes": "",
                    "bunting": true
                },
                {
                    "title": "bank_holidays.battle_boyne",
                    "date": "14/07/2014",
                    "notes": "common.substitute_day",
                    "bunting": false
                },
                {
                    "title": "bank_holidays.summer",
                    "date": "25/08/2014",
                    "notes": "",
                    "bunting": true
                },
                {
                    "title": "bank_holidays.christmas",
                    "date": "25/12/2014",
                    "notes": "",
                    "bunting": true
                },
                {
                    "title": "bank_holidays.boxing_day",
                    "date": "26/12/2014",
                    "notes": "",
                    "bunting": true
                }
            ],
            "2015": [
                {
                    "title": "bank_holidays.new_year",
                    "date": "01/01/2015",
                    "notes": "",
                    "bunting": true
                },
                {
                    "title": "bank_holidays.st_patrick",
                    "date": "17/03/2015",
                    "notes": "",
                    "bunting": true
                },
                {
                    "title": "bank_holidays.good_friday",
                    "date": "03/04/2015",
                    "notes": "",
                    "bunting": false
                },
                {
                    "title": "bank_holidays.easter_monday",
                    "date": "06/04/2015",
                    "notes": "",
                    "bunting": true
                },
                {
                    "title": "bank_holidays.early_may",
                    "date": "04/05/2015",
                    "notes": "",
                    "bunting": true
                },
                {
                    "title": "bank_holidays.spring",
                    "date": "25/05/2015",
                    "notes": "",
                    "bunting": true
                },
                {
                    "title": "bank_holidays.battle_boyne",
                    "date": "13/07/2015",
                    "notes": "common.substitute_day",
                    "bunting": false
                },
                {
                    "title": "bank_holidays.summer",
                    "date": "31/08/2015",
                    "notes": "",
                    "bunting": true
                },
                {
                    "title": "bank_holidays.christmas",
                    "date": "25/12/2015",
                    "notes": "",
                    "bunting": true
                },
                {
                    "title": "bank_holidays.boxing_day",
                    "date": "28/12/2015",
                    "notes": "common.substitute_day",
                    "bunting": true
                }
            ],
            "2016": [
                {
                    "title": "bank_holidays.new_year",
                    "date": "01/01/2016",
                    "notes": "",
                    "bunting": true
                },
                {
                    "title": "bank_holidays.st_patrick",
                    "date": "17/03/2016",
                    "notes": "",
                    "bunting": true
                },
                {
                    "title": "bank_holidays.good_friday",
                    "date": "25/03/2016",
                    "notes": "",
                    "bunting": false
                },
                {
                    "title": "bank_holidays.easter_monday",
                    "date": "28/03/2016",
                    "notes": "",
                    "bunting": true
                },
                {
                    "title": "bank_holidays.early_may",
                    "date": "02/05/2016",
                    "notes": "",
                    "bunting": true
                },
                {
                    "title": "bank_holidays.spring",
                    "date": "30/05/2016",
                    "notes": "",
                    "bunting": true
                },
                {
                    "title": "bank_holidays.battle_boyne",
                    "date": "12/07/2016",
                    "notes": "",
                    "bunting": false
                },
                {
                    "title": "bank_holidays.summer",
                    "date": "29/08/2016",
                    "notes": "",
                    "bunting": true
                },
                {
                    "title": "bank_holidays.christmas",
                    "date": "27/12/2016",
                    "notes": "common.substitute_day",
                    "bunting": true
                },
                {
                    "title": "bank_holidays.boxing_day",
                    "date": "26/12/2016",
                    "notes": "",
                    "bunting": true
                }
            ],
            "slug":  "common.nations.northern-ireland_slug",
            "title": "common.nations.northern-ireland"
        }
    }
}
